Customer ID;Customer Name;IdCountry;IdCity;IdState;Postal Code;IdRegion;IdSegment
CG-12520;Claire Gute;1;1;1;42420;1;1
DV-13045;Darrin Van Huff;1;2;2;90036;2;2
SO-20335;Sean O'Donnell;1;3;3;33311;1;1
BH-11710;Brosina Hoffman;1;2;2;90032;2;1
AA-10480;Andrew Allen;1;4;4;28027;1;1
IM-15070;Irene Maddox;1;5;5;98103;2;1
HP-14815;Harold Pawlan;1;6;6;76106;3;3
PK-19075;Pete Kriz;1;7;7;53711;3;1
AG-10270;Alejandro Grove;1;8;8;84084;2;1
ZD-21925;Zuschuss Donatelli;1;9;2;94109;2;1
KB-16585;Ken Black;1;10;9;68025;3;2
SF-20065;Sandra Flanagan;1;11;10;19140;4;1
EB-13870;Emily Burns;1;12;8;84057;2;1
EH-13945;Eric Hoffmann;1;2;2;90049;2;1
TB-21520;Tracy Blumstein;1;11;10;19140;4;1
MA-17560;Matt Abelman;1;13;6;77095;3;3
GH-14485;Gene Hale;1;14;6;75080;3;2
SN-20710;Steve Nguyen;1;13;6;77041;3;3
LC-16930;Linda Cazamias;1;15;11;60540;3;2
RA-19885;Ruben Ausman;1;2;2;90049;2;2
ES-14080;Erin Smith;1;16;3;32935;1;2
ON-18715;Odella Nelson;1;17;12;55122;3;2
PO-18865;Patrick O'Donnell;1;18;13;48185;3;1
LH-16900;Lena Hernandez;1;19;14;19901;4;1
DP-13000;Darren Powers;1;20;15;47150;3;1
JM-15265;Janet Molinari;1;21;16;10024;4;2
TB-21055;Ted Butterfield;1;22;16;12180;4;1
KM-16720;Kunst Miller;1;2;2;90004;2;1
PS-18970;Paul Stevenson;1;23;11;60610;3;3
BS-11590;Brendan Sweed;1;24;17;85234;2;2
KD-16270;Karen Daniels;1;25;18;22153;1;1
HM-14980;Henry MacAllister;1;21;16;10009;4;1
JE-15745;Joel Eaton;1;27;19;38109;1;1
KB-16600;Ken Brennan;1;13;6;77041;3;2
SC-20770;Stewart Carmichael;1;28;20;35601;1;2
DN-13690;Duane Noonan;1;9;2;94122;2;1
JC-16105;Julie Creighton;1;29;4;27707;1;2
CS-12400;Christopher Schild;1;23;11;60623;3;3
PG-18895;Paul Gonzalez;1;31;12;55901;3;1
GM-14455;Gary Mitchum;1;13;6;77095;3;3
JS-15685;Jim Sink;1;2;2;90036;2;2
KB-16315;Karl Braun;1;32;12;55407;3;1
RB-19705;Roger Barcio;1;33;22;97206;2;3
PN-18775;Parhena Norris;1;21;16;10009;4;3
KD-16345;Katherine Ducich;1;9;2;94122;2;1
ER-13855;Elpida Rittenbach;1;34;12;55106;3;2
RB-19465;Rick Bensley;1;23;11;60610;3;3
GZ-14470;Gary Zandusky;1;31;12;55901;3;1
LC-16870;Lena Cacioppo;1;35;23;80013;2;1
JM-15250;Janet Martin;1;36;4;28205;1;1
PA-19060;Pete Armstrong;1;37;11;60462;3;3
CV-12805;Cynthia Voltz;1;21;16;10035;4;2
CL-12565;Clay Ludtke;1;38;24;50322;3;1
RC-19960;Ryan Crowe;1;39;25;43229;4;1
DK-13090;Dave Kipp;1;5;5;98103;2;1
GG-14650;Greg Guthrie;1;40;19;37620;1;2
SC-20725;Steven Cartwright;1;41;14;19805;4;1
AD-10180;Alan Dominguez;1;13;6;77041;3;3
PF-19165;Philip Fox;1;42;11;61701;3;1
TS-21610;Troy Staebel;1;43;17;85023;2;1
LS-16975;Lindsay Shagiari;1;2;2;90004;2;3
DW-13585;Dorothy Wardle;1;39;25;43229;4;2
LC-16885;Lena Creighton;1;44;2;95661;2;1
JD-15895;Jonathan Doherty;1;11;10;19140;4;2
SH-19975;Sally Hughsby;1;9;2;94122;2;2
SG-20080;Sandra Glassco;1;45;26;64055;3;1
HA-14920;Helen Andreada;1;46;2;91104;2;1
MG-17680;Maureen Gastineau;1;47;25;43055;4;3
JE-16165;Justin Ellison;1;48;7;53132;3;2
TW-21025;Tamara Willingham;1;49;17;85254;2;3
SP-20650;Stephanie Phelps;1;50;2;95123;2;2
NK-18490;Neil Knudson;1;5;5;98105;2;3
DB-13060;Dave Brooks;1;5;5;98115;2;1
NP-18670;Nora Paige;1;51;27;73034;3;1
TT-21070;Ted Trevino;1;2;2;90045;2;1
EM-13960;Eric Murdock;1;11;10;19134;4;1
RD-19900;Ruben Dartt;1;52;28;88220;2;1
MJ-17740;Max Jones;1;5;5;98115;2;1
BM-11140;Becky Martin;1;53;6;78207;3;1
CS-12130;Chad Sievert;1;2;2;90004;2;1
JB-15400;Jennifer Braxton;1;23;11;60623;3;2
SJ-20500;Shirley Jackson;1;13;6;77036;3;1
JK-15640;Jim Kriz;1;21;16;10009;4;3
DK-13150;David Kendrick;1;28;11;62521;3;2
RM-19675;Robert Marley;1;54;29;71203;1;3
SK-19990;Sally Knutson;1;55;30;6824;4;1
FM-14290;Frank Merwin;1;2;2;90032;2;3
AM-10360;Alice McCarthy;1;56;6;75051;3;2
MP-17470;Mark Packer;1;21;16;10035;4;3
MZ-17515;Mary Zewe;1;57;2;92374;2;2
CB-12025;Cassandra Brandow;1;58;25;45011;4;1
VM-21685;Valerie Mitchum;1;59;31;7090;4;3
FH-14365;Fred Hopkins;1;11;10;19120;4;2
MB-17305;Maria Bertelson;1;60;25;44312;4;1
BS-11755;Bruce Stewart;1;61;23;80219;2;1
LC-17140;Logan Currie;1;62;6;75220;3;1
HK-14890;Heather Kirkland;1;48;19;37064;1;2
LE-16810;Laurel Elliston;1;63;2;90604;2;1
JH-15985;Joseph Holt;1;64;13;48601;3;1
MS-17980;Michael Stewart;1;62;6;75220;3;2
VW-21775;Victoria Wilson;1;65;25;44256;4;2
JH-15910;Jonathan Howell;1;2;2;90032;2;1
JB-15925;Joni Blumstein;1;66;25;43017;4;1
DS-13180;David Smith;1;67;13;48227;3;2
VD-21670;Valerie Dominguez;1;30;19;38401;1;1
EA-14035;Erin Ashbrook;1;36;4;28205;1;2
DB-13120;David Bremer;1;69;2;95051;2;2
KL-16645;Ken Lonsdale;1;23;11;60610;3;1
DW-13480;Dianna Wilson;1;70;12;55044;3;3
LH-17155;Logan Haushalter;1;9;2;94109;2;1
KC-16540;Kelly Collister;1;71;2;92037;2;1
DL-13315;Delfina Latchford;1;21;16;10024;4;1
DR-12880;Dan Reichenbach;1;23;11;60623;3;2
CC-12670;Craig Carreira;1;21;16;10009;4;1
Dl-13600;Dorris liebe;1;46;6;77506;3;2
SB-20290;Sean Braxton;1;13;6;77036;3;2
RC-19825;Roy Collins;1;23;11;60610;3;1
AH-10210;Alan Hwang;1;72;2;94513;2;1
CB-12535;Claudia Bergmann;1;73;4;27514;1;2
CA-12310;Christine Abelman;1;75;25;45231;4;2
KH-16690;Kristen Hastings;1;9;2;94110;2;2
BB-10990;Barry Blumstein;1;76;2;90301;2;2
AG-10495;Andrew Gjertsen;1;11;10;19140;4;2
JO-15280;Jas O'Carroll;1;2;2;90004;2;1
AH-10195;Alan Haines;1;77;3;33319;1;2
NZ-18565;Nick Zandusky;1;39;25;43229;4;3
KL-16555;Kelly Lampkin;1;78;23;80906;2;2
AS-10225;Alan Schoenberger;1;21;16;10024;4;2
CR-12625;Corey Roper;1;81;31;8701;4;3
SH-20395;Shahid Hopkins;1;82;18;22204;1;1
BP-11185;Ben Peterman;1;83;23;80004;2;2
TS-21205;Thomas Seio;1;84;31;7601;4;2
AG-10525;Andy Gerbode;1;85;3;33710;1;2
SP-20860;Sung Pak;1;11;10;19143;4;2
NM-18445;Nathan Mautz;1;21;16;10024;4;3
FA-14230;Frank Atkinson;1;86;2;90805;2;2
GK-14620;Grace Kelly;1;87;2;92345;2;2
DJ-13510;Don Jones;1;88;19;37130;1;2
PO-18850;Patrick O'Brill;1;11;10;19143;4;1
JL-15850;John Lucas;1;11;10;19134;4;1
DB-13615;Doug Bickford;1;2;2;90045;2;1
AC-10420;Alyssa Crouse;1;9;2;94122;2;2
CC-12550;Clay Cheatham;1;9;2;94122;2;1
TD-20995;Tamara Dahlen;1;91;32;1852;4;1
AB-10060;Adam Bellavance;1;21;16;10009;4;3
JL-15505;Jeremy Lonsdale;1;21;16;10035;4;1
VB-21745;Victoria Brennan;1;39;33;31907;1;2
KW-16435;Katrina Willman;1;21;16;10009;4;1
JD-16060;Julia Dunbar;1;9;2;94109;2;1
MK-17905;Michael Kennedy;1;92;30;6040;4;2
GT-14755;Guy Thornton;1;93;6;78550;3;1
AG-10900;Arthur Gainer;1;94;17;85705;2;1
MM-18280;Muhammed MacIntyre;1;95;11;62301;3;2
AR-10405;Allen Rosenblatt;1;48;32;2038;4;2
RA-19915;Russell Applegate;1;13;6;77095;3;1
AS-10285;Alejandro Savely;1;9;2;94109;2;2
LA-16780;Laura Armstrong;1;80;13;48180;3;2
DO-13435;Denny Ordway;1;96;3;33024;1;1
DK-13225;Dean Katz;1;11;10;19140;4;2
NG-18430;Nathan Gelder;1;75;25;45231;4;1
MV-18190;Mike Vittorini;1;21;16;10009;4;1
JG-15115;Jack Garza;1;97;5;98198;2;1
BP-11095;Bart Pistole;1;98;11;61604;3;2
VP-21730;Victor Preis;1;99;34;89115;2;3
SS-20140;Saphhira Shifley;1;100;35;2886;4;2
AG-10675;Anna Gayman;1;13;6;77036;3;1
LF-17185;Luke Foster;1;101;3;33180;1;1
RF-19840;Roy Französisch;1;21;16;10024;4;1
KH-16510;Keith Herrera;1;9;2;94110;2;1
KC-16675;Kimberly Carter;1;5;5;98105;2;2
CJ-12010;Caroline Jumper;1;102;2;92646;2;1
PB-19150;Philip Brown;1;2;2;90004;2;1
MP-17965;Michael Paige;1;105;32;1841;4;2
NF-18385;Natalie Fritzler;1;26;36;39212;1;1
SD-20485;Shirley Daniels;1;107;16;10801;4;3
KH-16630;Ken Heidel;1;53;6;78207;3;2
RB-19795;Ross Baird;1;108;4;28052;1;3
MK-18160;Mike Kennedy;1;109;3;32216;1;1
PO-19180;Philisse Overcash;1;23;11;60623;3;3
BB-11545;Brenda Bowman;1;13;6;77070;3;2
TB-21595;Troy Blackwell;1;39;15;47201;3;1
RB-19360;Raymond Buch;1;110;16;13021;4;1
EB-13705;Ed Braxton;1;60;25;44312;4;2
SC-20095;Sanjit Chand;1;4;2;94521;2;1
TN-21040;Tanja Norvell;1;43;17;85023;2;3
JS-15940;Joni Sundaresam;1;112;11;60068;3;3
MH-17785;Maya Herman;1;114;16;11757;4;2
JP-15520;Jeremy Pistek;1;9;2;94110;2;1
JE-15475;Jeremy Ellison;1;22;16;12180;4;1
JG-15805;John Grady;1;21;16;10024;4;2
XP-21865;Xylona Preis;1;71;2;92024;2;1
EM-14065;Erin Mull;1;21;16;10024;4;1
MT-18070;Michelle Tran;1;2;2;90045;2;3
SA-20830;Sue Ann Reed;1;23;11;60610;3;1
CW-11905;Carl Weiss;1;115;6;77340;3;3
AJ-10960;Astrea Jones;1;31;16;14609;4;1
SS-20590;Sonia Sunley;1;5;5;98115;2;1
RO-19780;Rose O'Brian;1;27;19;38109;1;1
MD-17350;Maribeth Dona;1;116;37;72701;1;1
MY-17380;Maribeth Yedwab;1;118;23;80134;2;2
CM-12385;Christopher Martinez;1;119;33;30318;1;1
LS-17245;Lynn Smith;1;120;26;64118;3;1
BN-11515;Bradley Nguyen;1;2;2;90049;2;1
DB-13210;Dean Braden;1;13;6;77041;3;1
MC-17605;Matt Connell;1;67;13;48234;3;2
BD-11605;Brian Dahlen;1;105;32;1841;4;1
PH-18790;Patricia Hirasaki;1;122;3;33801;1;3
MG-18145;Mike Gockenbach;1;11;10;19134;4;1
KB-16240;Karen Bern;1;2;2;90036;2;2
JC-15340;Jasper Cacioppo;1;2;2;90032;2;1
RL-19615;Rob Lucas;1;123;20;36116;1;1
AA-10375;Allen Armold;1;124;17;85204;2;1
EP-13915;Emily Phan;1;23;11;60653;3;1
DK-12985;Darren Koutras;1;1;1;42420;1;1
BD-11500;Bradley Drucker;1;125;7;54302;3;1
LM-17065;Liz MacKendrick;1;25;25;45503;4;1
AS-10135;Adrian Shami;1;21;16;10035;4;3
BD-11320;Bill Donatelli;1;9;2;94110;2;1
GT-14710;Greg Tran;1;13;6;77070;3;1
AJ-10945;Ashley Jarboe;1;41;4;28403;1;1
OT-18730;Olvera Toch;1;2;2;90045;2;1
LP-17080;Liz Pelletier;1;9;2;94110;2;1
CA-12775;Cynthia Arntzen;1;68;3;33614;1;1
JF-15490;Jeremy Farry;1;5;5;98105;2;1
FP-14320;Frank Preis;1;2;2;90008;2;1
EB-13840;Ellis Ballard;1;5;5;98105;2;2
JF-15415;Jennifer Ferguson;1;21;16;10024;4;1
SF-20200;Sarah Foster;1;127;5;98270;2;1
TG-21640;Trudy Glocke;1;86;2;90805;2;1
CS-11950;Carlos Soltero;1;23;11;60610;3;1
CC-12145;Charles Crestani;1;2;2;90004;2;1
DV-13465;Dianna Vittorini;1;61;23;80219;2;1
BD-11725;Bruce Degenhardt;1;103;1;40475;1;1
ZC-21910;Zuschuss Carroll;1;128;22;97301;2;1
MS-17830;Melanie Seite;1;129;6;78041;3;1
LR-16915;Lena Radford;1;71;2;92024;2;1
TP-21130;Theone Pippenger;1;11;10;19134;4;1
CK-12205;Chloris Kastensmidt;1;11;10;19120;4;1
AS-10240;Alan Shonely;1;68;3;33614;1;1
AR-10510;Andrew Roberts;1;11;10;19134;4;1
NB-18655;Nona Balk;1;62;6;75217;3;2
GD-14590;Giulietta Dortch;1;11;10;19143;4;2
CK-12595;Clytie Kelty;1;130;25;43123;4;1
NG-18355;Nat Gilpin;1;21;16;10011;4;2
CA-12265;Christina Anderson;1;23;11;60610;3;1
SF-20965;Sylvia Foulston;1;131;13;48126;3;2
MO-17800;Meg O'Connel;1;21;16;10009;4;3
AT-10735;Annie Thurman;1;5;5;98115;2;1
FM-14380;Fred McMath;1;35;23;80013;2;1
DJ-13420;Denny Joy;1;132;33;31088;1;2
ME-17725;Max Engle;1;35;23;80013;2;1
JD-16150;Justin Deggeller;1;32;12;55407;3;2
JL-15835;John Lee;1;134;2;92691;2;1
SC-20305;Sean Christensen;1;135;13;48307;3;1
CC-12430;Chuck Clark;1;39;15;47201;3;3
AR-10825;Anthony Rawles;1;138;5;98661;2;2
SR-20740;Steven Roelle;1;21;16;10024;4;3
CR-12730;Craig Reiter;1;39;25;43229;4;1
EH-14125;Eugene Hildebrand;1;35;11;60505;3;3
SP-20545;Sibella Parks;1;21;16;10011;4;2
TH-21235;Tiffany House;1;62;6;75081;3;2
RP-19390;Resi Pölking;1;139;25;44105;4;1
RB-19570;Rob Beeghly;1;39;15;47201;3;1
CD-11980;Carol Darley;1;140;6;75701;3;1
DJ-13630;Doug Jacobs;1;21;16;10024;4;1
GT-14635;Grant Thornton;1;141;4;27217;1;2
MC-17845;Michael Chen;1;26;36;39212;1;1
RA-19285;Ralph Arnett;1;21;16;10035;4;1
NP-18325;Naresj Patel;1;142;18;22980;1;1
AB-10165;Alan Barnes;1;2;2;90036;2;1
JO-15550;Jesus Ocampo;1;143;10;19013;4;3
JK-15370;Jay Kimmel;1;86;2;90805;2;1
BN-11470;Brad Norvell;1;144;4;27511;1;2
DP-13165;David Philippe;1;21;16;10035;4;1
TH-21550;Tracy Hopkins;1;21;16;10035;4;3
AP-10915;Arthur Prichep;1;145;3;32137;1;1
RS-19765;Roland Schwarz;1;146;16;10550;4;2
SV-20365;Seth Vernon;1;19;14;19901;4;1
CK-12325;Christine Kargatis;1;12;8;84057;2;3
RD-19810;Ross DeVincentis;1;2;2;90045;2;3
MR-17545;Mathew Reese;1;11;10;19140;4;3
SC-20695;Steve Chapman;1;147;3;33012;1;2
JF-15355;Jay Fein;1;90;6;78745;3;1
EG-13900;Emily Grady;1;148;16;11572;4;1
DS-13030;Darrin Sayre;1;5;5;98115;2;3
PO-19195;Phillina Ober;1;15;11;60540;3;3
SS-20875;Sung Shariari;1;62;6;75220;3;1
PB-19105;Peter Bühler;1;149;11;60201;3;1
RF-19735;Roland Fjeld;1;150;13;48183;3;1
YC-21895;Yoseph Carroll;1;9;2;94110;2;2
DC-13285;Debra Catini;1;151;12;55016;3;1
CP-12340;Christine Phan;1;21;16;10009;4;2
BF-11020;Barry Französisch;1;125;7;54302;3;2
LH-17020;Lisa Hazard;1;39;25;43229;4;1
CS-12250;Chris Selesnick;1;152;29;71111;1;2
AJ-10795;Anthony Johnson;1;85;3;33710;1;2
BV-11245;Benjamin Venier;1;97;24;50315;3;2
DL-12865;Dan Lawera;1;75;25;45231;4;1
BM-11785;Bryan Mills;1;39;25;43229;4;1
LT-17110;Liz Thompson;1;153;2;93534;2;1
JK-15730;Joe Kamberova;1;154;4;28806;1;1
ES-14020;Erica Smith;1;9;2;94110;2;1
RH-19495;Rick Hansen;1;31;12;55901;3;1
CD-11920;Carlos Daly;1;155;2;92530;2;1
HW-14935;Helen Wasserman;1;71;2;92105;2;2
MC-18130;Mike Caudle;1;54;29;71203;1;2
GM-14440;Gary McGarr;1;9;2;94122;2;1
PJ-19015;Pauline Johnson;1;158;2;92704;2;1
BW-11110;Bart Watters;1;159;7;53209;3;2
TR-21325;Toby Ritter;1;79;31;7109;4;1
PG-18820;Patrick Gardner;1;9;2;94110;2;1
JL-15175;James Lanier;1;30;19;38401;1;3
BM-11650;Brian Moss;1;21;16;10035;4;2
EM-14095;Eudokia Martin;1;2;2;90036;2;2
AF-10885;Art Foster;1;104;1;40214;1;1
GA-14725;Guy Armstrong;1;161;25;44052;4;1
CK-12760;Cyma Kinney;1;162;31;7036;4;2
DP-13105;Dave Poirier;1;163;2;93905;2;2
BK-11260;Berenike Kampe;1;21;16;10035;4;1
SJ-20125;Sanjit Jacobs;1;164;31;8901;4;3
CM-12445;Chuck Magee;1;9;2;94122;2;1
AJ-10780;Anthony Jacobs;1;25;18;22153;1;2
LS-16945;Linda Southworth;1;11;10;19140;4;2
GP-14740;Guy Phonely;1;153;10;17602;4;2
PK-18910;Paul Knutson;1;11;10;19143;4;3
SM-20005;Sally Matthias;1;21;16;10009;4;1
AG-10765;Anthony Garverick;1;11;10;19120;4;3
PM-19135;Peter McVee;1;67;13;48227;3;3
LL-16840;Lauren Leatherbury;1;31;16;14609;4;1
JS-15595;Jill Stevenson;1;2;2;90045;2;2
EL-13735;Ed Ludwig;1;30;40;21044;4;3
PC-18745;Pamela Coakley;1;9;2;94122;2;2
HL-15040;Hunter Lopez;1;13;6;77095;3;1
MS-17365;Maribeth Schnelling;1;67;13;48227;3;1
GB-14530;George Bell;1;110;16;13021;4;2
JR-16210;Justin Ritter;1;25;25;45503;4;2
BE-11335;Bill Eplett;1;26;13;49201;3;3
SC-20050;Sample Company A;1;166;30;6360;4;3
RW-19630;Rob Williams;1;62;6;75220;3;2
SE-20110;Sanjit Engle;1;21;16;10009;4;1
AH-10075;Adam Hart;1;21;16;10011;4;2
JM-15535;Jessica Myrick;1;11;10;19143;4;1
JJ-15760;Joel Jenkins;1;25;18;22153;1;3
RK-19300;Ralph Kennedy;1;11;10;19140;4;1
CG-12040;Catherine Glotzbach;1;11;10;19120;4;3
RP-19270;Rachel Payne;1;170;2;92503;2;2
KC-16255;Karen Carlisle;1;9;2;94110;2;2
KH-16360;Katherine Hughes;1;11;10;19143;4;1
GH-14665;Greg Hansen;1;172;6;78664;3;1
SW-20275;Scott Williamson;1;26;36;39212;1;1
JA-15970;Joseph Airdo;1;43;17;85023;2;1
DL-12925;Daniel Lacy;1;148;2;92054;2;1
LW-16990;Lindsay Williams;1;9;2;94110;2;2
TB-21190;Thomas Brumley;1;116;37;72701;1;3
BS-11800;Bryan Spruell;1;21;16;10011;4;3
RW-19690;Robert Waldorf;1;41;4;28403;1;1
TZ-21580;Tracy Zic;1;104;23;80027;2;1
AS-10630;Ann Steele;1;46;6;77506;3;3
TS-21340;Toby Swindell;1;13;6;77041;3;1
SL-20155;Sara Luxemburg;1;109;3;32216;1;3
MW-18235;Mitch Willingham;1;174;18;23464;1;2
RD-19585;Rob Dowd;1;1;1;42420;1;1
RA-19945;Ryan Akin;1;175;2;92563;2;1
MT-17815;Meg Tillman;1;49;17;85254;2;1
VG-21790;Vivek Gonzalez;1;71;2;92037;2;1
JS-15880;John Stevenson;1;5;5;98103;2;1
KM-16225;Kalyca Meade;1;21;16;10011;4;2
HR-14770;Hallie Redmond;1;2;2;90045;2;3
DE-13255;Deanra Eno;1;25;25;45503;4;3
AG-10390;Allen Goldenen;1;75;25;45231;4;1
JJ-15445;Jennifer Jackson;1;2;2;90004;2;1
JH-15430;Jennifer Halladay;1;141;4;27217;1;1
RD-19660;Robert Dilbeck;1;179;26;63376;3;3
MO-17500;Mary O'Rourke;1;21;16;10035;4;1
NS-18640;Noel Staavos;1;23;11;60610;3;2
DG-13300;Deirdre Greer;1;11;10;19134;4;2
NF-18595;Nicole Fjeld;1;21;16;10009;4;3
MG-17650;Matthew Grinstein;1;11;10;19143;4;3
TS-21160;Theresa Swint;1;168;25;43615;4;2
BD-11620;Brian DeCherney;1;9;2;94122;2;1
CM-12160;Charles McCrossin;1;181;6;78521;3;1
SN-20560;Skye Norling;1;2;2;90008;2;3
EH-14005;Erica Hernandez;1;61;23;80219;2;3
FO-14305;Frank Olsen;1;21;16;10035;4;1
MS-17710;Maurice Satty;1;124;17;85204;2;1
CC-12100;Chad Cunningham;1;39;15;47201;3;3
DW-13540;Don Weiss;1;5;5;98105;2;1
BT-11395;Bill Tyler;1;67;13;48227;3;2
CY-12745;Craig Yedwab;1;183;2;94601;2;2
BT-11485;Brad Thomas;1;184;40;20735;4;3
PS-19045;Penelope Sewall;1;36;4;28205;1;3
PV-18985;Paul Van Hugh;1;9;2;94122;2;3
NM-18520;Neoma Murray;1;170;2;92503;2;1
DL-13495;Dionis Lloyd;1;9;2;94110;2;2
CS-12355;Christine Sundaresam;1;186;33;30076;1;1
FH-14275;Frank Hawley;1;190;15;46350;3;2
NC-18340;Nat Carroll;1;191;13;48911;3;1
AA-10315;Alex Avila;1;32;12;55407;3;1
LT-16765;Larry Tron;1;195;2;92025;2;1
AP-10720;Anne Pryor;1;21;16;10035;4;3
PM-18940;Paul MacIntyre;1;26;13;49201;3;1
AT-10435;Alyssa Tate;1;2;2;90004;2;3
CA-12055;Cathy Armstrong;1;13;6;77070;3;3
HR-14830;Harold Ryan;1;5;5;98103;2;2
BT-11530;Bradley Talbott;1;2;2;90036;2;3
LH-16750;Larry Hughes;1;36;4;28205;1;1
SW-20755;Steven Ward;1;21;16;10009;4;2
SP-20620;Stefania Perrino;1;11;10;19134;4;2
BF-11170;Ben Ferrer;1;2;2;90036;2;3
KT-16480;Kean Thornton;1;199;16;14215;4;1
BG-11695;Brooke Gillingham;1;75;25;45231;4;2
GM-14680;Greg Matthias;1;5;5;98105;2;1
EJ-14155;Eva Jacobs;1;201;36;39503;1;1
NP-18700;Nora Preis;1;202;2;93727;2;1
MH-18115;Mick Hernandez;1;143;10;19013;4;3
JR-15700;Jocasta Rupert;1;109;3;32216;1;1
SM-20950;Suzanne McNair;1;203;4;27834;1;2
CC-12220;Chris Cortes;1;190;15;46350;3;1
PF-19225;Phillip Flathmann;1;9;2;94122;2;1
DC-12850;Dan Campbell;1;160;20;35630;1;1
BD-11770;Bryan Davis;1;13;6;77070;3;1
GM-14500;Gene McClure;1;206;35;2908;4;1
TB-21355;Todd Boyes;1;21;16;10009;4;2
JH-16180;Justin Hirsh;1;207;23;81001;2;1
EB-13975;Erica Bern;1;55;2;94533;2;2
QJ-19255;Quincy Jones;1;34;12;55106;3;2
TC-21535;Tracy Collins;1;82;18;22204;1;3
CS-12460;Chuck Sachs;1;39;33;31907;1;1
HG-14965;Henry Goldwyn;1;2;2;90032;2;2
LW-16825;Laurel Workman;1;208;3;32725;1;2
MC-17575;Matt Collins;1;75;25;45231;4;1
LP-17095;Liz Preis;1;209;1;42071;1;1
EB-14170;Evan Bailliet;1;41;4;28403;1;1
GZ-14545;George Zrebassa;1;105;32;1841;4;2
CP-12085;Cathy Prescott;1;166;30;6360;4;2
FG-14260;Frank Gastineau;1;9;2;94110;2;3
LD-17005;Lisa DeCherney;1;9;2;94109;2;1
AB-10255;Alejandro Ballentine;1;161;25;44052;4;3
MN-17935;Michael Nguyen;1;62;6;75220;3;1
JR-15670;Jim Radford;1;210;30;6457;4;1
JF-15190;Jamie Frazer;1;2;2;90008;2;1
CM-12115;Chad McGuire;1;21;16;10011;4;1
AS-10045;Aaron Smayling;1;109;4;28540;1;2
BP-11290;Beth Paige;1;149;11;60201;3;1
ND-18370;Natalie DeCherney;1;104;1;40214;1;1
LB-16735;Larry Blacks;1;6;6;76106;3;1
KT-16465;Kean Takahito;1;2;2;90049;2;1
HM-14860;Harry Marie;1;11;10;19120;4;2
AB-10600;Ann Blume;1;94;17;85705;2;2
SZ-20035;Sam Zeldin;1;212;2;90660;2;3
MG-17890;Michael Granlund;1;184;40;20735;4;3
JK-16120;Julie Kriz;1;35;11;60505;3;3
PP-18955;Paul Prost;1;215;33;30080;1;3
YS-21880;Yana Sorensen;1;141;4;27217;1;2
KM-16375;Katherine Murray;1;128;18;24153;1;3
AB-10105;Adrian Barton;1;43;17;85023;2;1
HA-14905;Helen Abelman;1;21;16;10024;4;1
BT-11305;Beth Thompson;1;117;2;92627;2;3
SV-20815;Stuart Van;1;13;6;77041;3;2
RW-19540;Rick Wilson;1;124;17;85204;2;2
DK-12835;Damala Kotsonis;1;163;2;93905;2;2
ST-20530;Shui Tom;1;216;25;44134;4;1
MM-17920;Michael Moore;1;9;2;94110;2;1
PW-19030;Pauline Webber;1;103;1;40475;1;2
SC-20440;Shaun Chance;1;35;23;80013;2;2
TS-21085;Thais Sissman;1;43;17;85023;2;1
MC-17425;Mark Cousins;1;217;20;36608;1;2
ME-17320;Maria Etezadi;1;39;33;31907;1;3
NH-18610;Nicole Hansen;1;219;6;75061;3;2
MB-18085;Mick Brown;1;220;31;8360;4;1
KD-16495;Keith Dawkins;1;21;16;10009;4;2
KN-16390;Katherine Nockton;1;2;2;90004;2;2
NP-18685;Nora Pelletier;1;222;16;14304;4;3
CS-12505;Cindy Stewart;1;223;4;27360;1;1
MS-17770;Maxwell Schwartz;1;21;16;10035;4;1
CM-12655;Corinna Mitchell;1;2;2;90008;2;3
Co-12640;Corey-Lock;1;11;10;19143;4;1
TS-21370;Todd Sumrall;1;21;16;10035;4;2
JW-15220;Jane Waco;1;138;5;98661;2;2
JD-15790;John Dryer;1;225;6;75019;3;1
PC-19000;Pauline Chand;1;2;2;90004;2;3
AR-10540;Andy Reiter;1;21;16;10024;4;1
AI-10855;Arianne Irving;1;11;10;19120;4;1
TB-21400;Tom Boeckenhauer;1;5;5;98105;2;1
PL-18925;Paul Lucas;1;23;11;60610;3;3
GH-14425;Gary Hwang;1;94;17;85705;2;1
MP-18175;Mike Pelletier;1;230;2;92677;2;3
JM-15655;Jim Mitchum;1;231;31;8302;4;2
CL-11890;Carl Ludwig;1;232;32;2149;4;1
DB-13270;Deborah Brumfield;1;71;2;92024;2;3
IG-15085;Ivan Gibson;1;71;2;92024;2;1
BO-11425;Bobby Odegard;1;103;1;40475;1;1
AB-10150;Aimee Bixby;1;86;16;11561;4;1
JW-16075;Julia West;1;11;10;19140;4;1
EB-13750;Edward Becker;1;5;5;98103;2;2
SG-20470;Sheri Gordon;1;21;16;10011;4;1
CM-12190;Charlotte Melton;1;11;10;19134;4;1
AW-10840;Anthony Witt;1;236;6;75002;3;1
MC-18100;Mick Crebagga;1;237;6;79907;3;1
TT-21460;Tonja Turnell;1;35;11;60505;3;3
VG-21805;Vivek Grady;1;174;18;23464;1;2
MY-18295;Muhammed Yedwab;1;238;6;76051;3;2
RD-19480;Rick Duston;1;176;5;98502;2;1
DP-13390;Dennis Pardue;1;98;11;61604;3;3
ML-17395;Marina Lichtenstein;1;2;2;90008;2;2
JC-15385;Jenna Caffey;1;240;5;98031;2;1
JG-15160;James Galang;1;2;2;90049;2;1
MC-17275;Marc Crier;1;241;29;70506;1;1
NW-18400;Natalie Webber;1;242;22;97224;2;1
TB-21280;Toby Braunhardt;1;177;41;20016;4;1
BS-11380;Bill Stewart;1;243;11;60076;3;2
HH-15010;Hilary Holden;1;9;2;94110;2;2
CD-12280;Christina DeMoss;1;5;5;98105;2;1
TH-21100;Thea Hendricks;1;2;2;90045;2;1
MM-18055;Michelle Moray;1;5;5;98115;2;1
NS-18505;Neola Schneider;1;62;6;75217;3;1
RB-19645;Robert Barroso;1;227;34;89031;2;2
SW-20455;Shaun Weien;1;245;18;23434;1;1
EB-13930;Eric Barreto;1;9;2;94110;2;1
PS-18760;Pamela Stobb;1;2;2;90008;2;1
HF-14995;Herbert Flentye;1;246;15;46203;3;1
HZ-14950;Henia Zydlo;1;39;25;43229;4;1
CD-12790;Cynthia Delaney;1;71;2;92037;2;3
JK-15205;Jamie Kunitz;1;9;2;94122;2;1
FM-14215;Filia McAdams;1;66;25;43017;4;2
ED-13885;Emily Ducich;1;71;2;92037;2;3
DA-13450;Dianna Arnett;1;13;6;77095;3;3
JW-15955;Joni Wasserman;1;183;2;94601;2;1
RM-19375;Raymond Messe;1;13;6;77095;3;1
ML-17755;Max Ludwig;1;245;18;23434;1;3
CC-12685;Craig Carroll;1;248;4;27405;1;1
JE-15610;Jim Epp;1;159;7;53209;3;2
RP-19855;Roy Phan;1;250;7;53142;3;2
TB-21175;Thomas Boland;1;13;6;77041;3;2
BE-11455;Brad Eason;1;251;42;66062;3;3
JF-15565;Jill Fjeld;1;62;6;75081;3;1
PB-19210;Phillip Breyer;1;252;27;74133;3;2
BT-11680;Brian Thompson;1;47;25;43055;4;1
JL-15235;Janet Lee;1;23;11;60623;3;1
CH-12070;Cathy Hwang;1;254;4;27604;1;3
ND-18460;Neil Ducich;1;204;33;31204;1;2
BF-10975;Barbara Fisher;1;36;4;28205;1;2
KH-16330;Katharine Harms;1;257;1;42104;1;2
GW-14605;Giulietta Weimer;1;5;5;98115;2;1
NC-18625;Noah Childs;1;35;23;80013;2;2
ME-18010;Michelle Ellison;1;9;2;94122;2;2
BP-11230;Benjamin Patterson;1;259;5;99207;2;1
JC-15775;John Castell;1;53;6;78207;3;1
AS-10090;Adam Shillingsburg;1;263;18;22901;1;1
AC-10450;Amy Cox;1;32;12;55407;3;1
MD-17860;Michael Dominguez;1;246;15;46203;3;2
DB-13660;Duane Benoit;1;148;16;11572;4;1
EH-13990;Erica Hackney;1;186;33;30076;1;1
EH-13765;Edward Hooks;1;233;16;13601;4;2
SC-20230;Scot Coram;1;82;6;76017;3;2
JE-15715;Joe Elijah;1;267;23;80020;2;1
AC-10615;Ann Chong;1;21;16;10009;4;2
JD-16015;Joy Daniels;1;23;11;60610;3;1
CB-12415;Christy Brittain;1;39;25;43229;4;1
JS-16030;Joy Smith;1;13;6;77036;3;1
LW-17215;Luke Weiss;1;46;2;91104;2;1
SC-20800;Stuart Calhoun;1;13;6;77041;3;1
AM-10705;Anne McFarland;1;110;20;36830;1;1
RH-19510;Rick Huthwaite;1;206;35;2908;4;3
CT-11995;Carol Triggs;1;31;12;55901;3;1
MC-17590;Matt Collister;1;276;31;8861;4;2
CC-12610;Corey Catlett;1;11;10;19134;4;2
KA-16525;Kelly Andreada;1;277;2;91761;2;1
TC-20980;Tamara Chand;1;5;5;98105;2;2
BF-11080;Bart Folk;1;249;40;21215;4;1
MM-17260;Magdelene Morse;1;41;14;19805;4;1
AH-10120;Adrian Hane;1;94;17;85705;2;3
BW-11200;Ben Wallace;1;200;3;33437;1;1
SW-20245;Scot Wooten;1;281;2;95207;2;1
BS-11665;Brian Stugart;1;11;10;19143;4;1
RF-19345;Randy Ferguson;1;19;39;3820;4;2
WB-21850;William Brown;1;11;10;19134;4;1
TB-21625;Trudy Brown;1;56;6;75051;3;1
AF-10870;Art Ferguson;1;285;6;77840;3;1
RB-19435;Richard Bierner;1;286;26;63116;3;1
KF-16285;Karen Ferguson;1;287;2;95336;2;3
JH-15820;John Huston;1;240;25;44240;4;1
IL-15100;Ivan Liston;1;9;2;94122;2;1
PB-18805;Patrick Bzostek;1;289;8;84106;2;3
RH-19600;Rob Haberlin;1;115;20;35810;1;1
AW-10930;Arthur Wiediger;1;35;11;60505;3;3
ML-17410;Maris LaWare;1;55;30;6824;4;1
DB-13555;Dorothy Badders;1;109;3;32216;1;2
MH-17620;Matt Hagelstein;1;9;2;94110;2;2
DK-13375;Dennis Kane;1;293;25;43302;4;1
BT-11440;Bobby Trafton;1;294;23;80122;2;1
DB-13405;Denny Blanton;1;190;15;46350;3;1
TG-21310;Toby Gnade;1;2;2;90049;2;1
BF-11005;Barry Franz;1;46;2;91104;2;3
JM-16195;Justin MacKendrick;1;2;2;90004;2;1
MZ-17335;Maria Zettner;1;71;2;92024;2;3
MW-18220;Mitch Webber;1;21;16;10035;4;1
MV-17485;Mark Van Huff;1;82;18;22204;1;1
SM-20320;Sean Miller;1;54;4;28110;1;3
TP-21415;Tom Prescott;1;5;5;98115;2;1
JK-15625;Jim Karlsson;1;5;5;98115;2;1
PJ-18835;Patrick Jones;1;88;19;37130;1;2
RS-19420;Ricardo Sperren;1;5;5;98115;2;2
SV-20935;Susan Vittorini;1;21;16;10009;4;1
BC-11125;Becky Castell;1;98;17;85345;2;3
EM-13825;Elizabeth Moffitt;1;299;45;57103;3;2
BM-11575;Brendan Murry;1;21;16;10035;4;2
KN-16705;Kristina Nunn;1;300;23;80525;2;3
KW-16570;Kelly Williams;1;301;19;37042;1;1
SC-20260;Scott Cohen;1;9;2;94122;2;2
CV-12295;Christina VanderZanden;1;202;2;93727;2;1
SG-20605;Speros Goranitis;1;21;16;10009;4;1
TM-21010;Tamara Manning;1;9;2;94122;2;1
EM-13810;Eleni McCrary;1;2;2;90036;2;2
ML-18040;Michelle Lonsdale;1;306;28;87105;2;2
CR-12580;Clay Rozendal;1;309;11;60126;3;3
AZ-10750;Annie Zypern;1;21;16;10009;4;1
PW-19240;Pierre Wener;1;104;23;80027;2;1
SC-20380;Shahid Collister;1;5;5;98115;2;1
CM-11935;Carlos Meador;1;116;4;28314;1;1
GM-14695;Greg Maxwell;1;2;2;90036;2;2
TB-21250;Tim Brockman;1;21;16;10024;4;1
JM-15865;John Murray;1;313;16;14701;4;1
SC-20575;Sonia Cooley;1;314;15;46544;3;1
LS-17200;Luke Schmidt;1;243;11;60076;3;2
RR-19315;Ralph Ritter;1;9;2;94110;2;1
DB-12910;Daniel Byrd;1;68;3;33614;1;3
TT-21220;Thomas Thornton;1;13;6;77041;3;1
LO-17170;Lori Olson;1;315;2;92253;2;2
KD-16615;Ken Dana;1;49;17;85254;2;2
NB-18580;Nicole Brennan;1;11;10;19134;4;2
BD-11635;Brian Derr;1;257;1;42104;1;1
CM-12235;Chris McAfee;1;239;6;75007;3;1
EN-13780;Edward Nazzal;1;21;16;10035;4;1
KN-16450;Kean Nguyen;1;109;3;32216;1;2
BO-11350;Bill Overfelt;1;2;2;90045;2;2
AG-10300;Aleksandra Gannaway;1;2;2;90049;2;2
MC-17635;Matthew Clasen;1;286;26;63116;3;2
TA-21385;Tom Ashbrook;1;21;16;10024;4;3
JF-15295;Jason Fortune-;1;5;5;98103;2;1
TT-21265;Tim Taslimi;1;2;2;90045;2;2
SB-20170;Sarah Bern;1;21;16;10035;4;1
CL-12700;Craig Leslie;1;25;26;65807;3;3
HG-15025;Hunter Glantz;1;113;6;79109;3;1
NL-18310;Nancy Lomonaco;1;2;2;90045;2;3
RR-19525;Rick Reed;1;91;32;1852;4;2
TC-21295;Toby Carlisle;1;71;2;92024;2;1
SV-20785;Stewart Visinsky;1;207;23;81001;2;1
BE-11410;Bobby Elias;1;153;25;43130;4;1
SC-20680;Steve Carroll;1;39;33;31907;1;3
DF-13135;David Flashing;1;133;2;94591;2;1
FH-14350;Fred Harton;1;5;5;98105;2;1
MS-17530;MaryBeth Skach;1;71;2;92037;2;1
RH-19555;Ritsa Hightower;1;316;3;32303;1;1
GA-14515;George Ashbrook;1;9;2;94122;2;1
JP-16135;Julie Prescott;1;39;33;31907;1;3
Dp-13240;Dean percer;1;209;8;84107;2;3
MO-17950;Michael Oakman;1;62;6;75220;3;1
DL-13330;Denise Leinenbach;1;325;28;88001;2;1
MH-18025;Michelle Huthwaite;1;5;5;98115;2;1
DR-12940;Daniel Raglin;1;48;32;2038;4;3
DM-13015;Darrin Martin;1;185;2;92024;2;1
CA-11965;Carol Adams;1;326;20;35244;1;2
AC-10660;Anna Chung;1;115;6;77340;3;1
DM-13345;Denise Monton;1;186;33;30076;1;2
VF-21715;Vicky Freymann;1;39;15;47201;3;3
CC-12370;Christopher Conant;1;116;4;28314;1;1
BF-11275;Beth Fritzler;1;94;17;85705;2;2
HG-14845;Harry Greene;1;336;29;70601;1;1
BP-11155;Becky Pak;1;39;33;31907;1;1
EM-14140;Eugene Moren;1;221;17;85301;2;3
MA-17995;Michelle Arnett;1;233;16;13601;4;3
AY-10555;Andy Yotov;1;148;2;92054;2;2
GB-14575;Giulietta Baptist;1;11;10;19134;4;1
JB-16045;Julia Barnett;1;39;33;31907;1;3
MG-17875;Michael Grace;1;21;16;10011;4;3
SR-20425;Sharelle Roach;1;104;23;80027;2;3
JB-16000;Joy Bell-;1;181;6;78521;3;1
DM-12955;Dario Medina;1;292;13;48146;3;2
TC-21475;Tony Chapman;1;39;33;31907;1;3
SW-20350;Sean Wendt;1;67;13;48227;3;3
RE-19450;Richard Eichhorn;1;62;6;75081;3;1
BF-11215;Benjamin Farhat;1;306;28;87105;2;3
KB-16405;Katrina Bavinger;1;340;2;92307;2;3
JG-15310;Jason Gross;1;206;35;2908;4;2
EC-14050;Erin Creighton;1;21;16;10024;4;1
EB-14110;Eugene Barchas;1;11;10;19134;4;1
JP-15460;Jennifer Patt;1;148;16;11572;4;2
CS-11845;Cari Sayre;1;5;5;98105;2;2
GH-14410;Gary Hansen;1;221;17;85301;2;3
PT-19090;Pete Takahito;1;13;6;77070;3;1
JL-15130;Jack Lebron;1;13;6;77036;3;1
AH-10030;Aaron Hawkins;1;11;10;19134;4;2
CC-12475;Cindy Chapman;1;21;16;10024;4;1
DW-13195;David Wiener;1;13;6;77095;3;2
SJ-20215;Sarah Jordon;1;56;6;75051;3;1
BG-11740;Bruce Geld;1;11;10;19120;4;1
LB-16795;Laurel Beltran;1;337;11;60035;3;3
CM-11815;Candace McMahon;1;46;6;77506;3;2
EH-14185;Evan Henry;1;28;20;35601;1;1
TS-21505;Tony Sayre;1;30;19;38401;1;1
PR-18880;Patrick Ryan;1;183;2;94601;2;1
LC-17050;Liz Carlisle;1;134;2;92691;2;1
CS-12490;Cindy Schnelling;1;361;6;77301;3;2
DH-13075;Dave Hallsten;1;103;1;40475;1;2
JO-15145;Jack O'Briant;1;11;10;19140;4;2
AH-10690;Anna Häberlin;1;21;16;10024;4;2
HJ-14875;Heather Jas;1;109;3;32216;1;3
MH-17455;Mark Hamilton;1;109;4;28540;1;1
RD-19930;Russell D'Ascenzo;1;90;6;78745;3;1
SC-20020;Sam Craven;1;244;6;75023;3;1
SU-20665;Stephanie Ulpright;1;26;36;39212;1;3
FC-14335;Fred Chung;1;280;6;75150;3;2
RB-19330;Randy Bradley;1;11;10;19143;4;1
NC-18535;Nick Crebassa;1;62;6;75217;3;2
DB-12970;Darren Budd;1;2;2;90004;2;2
MF-17665;Maureen Fritzler;1;168;25;43615;4;2
RM-19750;Roland Murray;1;21;16;10011;4;1
VM-21835;Vivian Mathis;1;47;14;19711;4;1
EJ-13720;Ed Jacobs;1;71;2;92037;2;1
NC-18415;Nathan Cano;1;109;4;28540;1;1
LS-17230;Lycoris Saunders;1;19;14;19901;4;1
KE-16420;Katrina Edelman;1;40;19;37620;1;2
DH-13675;Duane Huffman;1;95;32;2169;4;3
PF-19120;Peter Fuller;1;24;17;85234;2;1
VT-21700;Valerie Takahito;1;11;10;19143;4;3
MG-17695;Maureen Gnade;1;199;16;14215;4;1
SP-20920;Susan Pistek;1;2;2;90036;2;1
CS-12175;Charles Sheldon;1;30;19;38401;1;2
DK-12895;Dana Kaydos;1;250;7;53142;3;1
KM-16660;Khloe Miller;1;186;33;30076;1;1
AA-10645;Anna Andreadi;1;143;10;19013;4;1
DD-13570;Dorothy Dickinson;1;13;6;77041;3;1
AH-10465;Amy Hunt;1;21;16;10035;4;1
TP-21565;Tracy Poddar;1;35;23;80013;2;2
EK-13795;Eileen Kiefer;1;158;2;92704;2;3
CR-12820;Cyra Reiten;1;21;16;10035;4;3
SG-20890;Susan Gilcrest;1;393;6;78501;3;2
AH-10585;Angele Hood;1;23;11;60623;3;1
NF-18475;Neil Französisch;1;180;11;61107;3;3
BS-11365;Bill Shonely;1;21;16;10011;4;2
SH-20635;Stefanie Holloman;1;26;19;38301;1;2
RD-19720;Roger Demir;1;400;3;32114;1;1
AG-10330;Alex Grayson;1;281;2;95207;2;1
GR-14560;Georgia Rosenberg;1;9;2;94110;2;2
VS-21820;Vivek Sundaresam;1;2;2;90036;2;1
TM-21490;Tony Molinari;1;269;27;73120;3;1
TS-21430;Tom Stivers;1;2;2;90045;2;2
DB-13360;Dennis Bolton;1;21;16;10009;4;3
NR-18550;Nick Radford;1;35;11;60505;3;1
CS-11860;Cari Schnelling;1;109;4;28540;1;1
MF-18250;Monica Federle;1;2;2;90036;2;2
LW-17125;Liz Willingham;1;166;30;6360;4;1
AR-10345;Alex Russell;1;105;32;1841;4;2
KS-16300;Karen Seio;1;428;8;84043;2;2
AB-10015;Aaron Bergman;1;5;5;98103;2;1
LR-17035;Lisa Ryan;1;11;10;19134;4;2
SS-20410;Shahid Shariari;1;2;2;90008;2;1
JM-15580;Jill Matthias;1;54;4;28110;1;1
JK-15325;Jason Klamczynski;1;62;6;75220;3;2
DM-13525;Don Miller;1;13;6;77070;3;2
ML-18265;Muhammed Lee;1;5;5;98103;2;1
MH-17290;Marc Harrigan;1;2;2;90036;2;3
FC-14245;Frank Carlisle;1;81;25;44107;4;3
TH-21115;Thea Hudgings;1;11;10;19140;4;2
JK-16090;Juliana Krohn;1;156;9;68104;3;1
SB-20185;Sarah Brown;1;4;39;3301;4;1
BG-11035;Barry Gonzalez;1;54;29;71203;1;1
BW-11065;Barry Weirich;1;254;4;27604;1;1
MG-18205;Mitch Gastineau;1;109;3;32216;1;2
DO-13645;Doug O'Connell;1;2;2;90036;2;1
BP-11050;Barry Pond;1;396;35;2920;4;2
TS-21655;Trudy Schmidt;1;159;7;53209;3;1
EM-14200;Evan Minnotte;1;174;18;23464;1;3
AO-10810;Anthony O'Donnell;1;2;2;90045;2;2
MH-17440;Mark Haberlin;1;21;16;10035;4;2
SS-20515;Shirley Schmidt;1;104;1;40214;1;3
LD-16855;Lela Donovan;1;23;11;60653;3;2
VP-21760;Victoria Pisteka;1;9;2;94109;2;2
TC-21145;Theresa Coyne;1;81;31;8701;4;2
IM-15055;Ionia McGrath;1;44;2;95661;2;1
AR-10570;Anemone Ratner;1;39;33;31907;1;1
CM-12715;Craig Molinari;1;115;6;77340;3;2
FW-14395;Fred Wasserman;1;115;20;35810;1;2
LC-16960;Lindsay Castell;1;82;18;22204;1;3
HE-14800;Harold Engle;1;23;11;60623;3;2
BD-11560;Brendan Dodson;1;202;2;93727;2;3
HD-14785;Harold Dahlen;1;11;10;19143;4;3
CJ-11875;Carl Jackson;1;11;10;19140;4;2
RS-19870;Roy Skaria;1;141;24;52601;3;3
SC-20845;Sung Chung;1;524;11;60004;3;1
RE-19405;Ricardo Emerson;1;240;25;44240;4;1
SM-20905;Susan MacKendrick;1;47;25;43055;4;1
